MainLocation;SubLocation
Budapest 1. kerület;
Budapest 2. kerület;
Budapest 3. kerület;
Budapest 4. kerület;
Budapest 5. kerület;
Budapest 6. kerület;
Budapest 7. kerület;
Budapest 8. kerület;
Budapest 9. kerület;
Budapest 10. kerület;
Budapest 11. kerület;
Budapest 12. kerület;
Budapest 13. kerület;
Budapest 14. kerület;
Budapest 15. kerület;
Budapest 16. kerület;
Budapest 17. kerület;
Budapest 18. kerület;
Budapest 19. kerület;
Budapest 20. kerület;
Budapest 21. kerület;
Budapest 22. kerület;
Budapest 23. kerület;
Érd;
Budaörs;
Törökbálint;
Dunaharaszti;
Szigetszentmiklós;
Halásztelek;
Szentendre;
Pomáz;
Budakalász;
Gödöllő;
Vecsés;
Gyál;
Monor;
Fót;
Göd;
Dunakeszi;
Vác;
Százhalombatta;
Biatorbágy;
Budakeszi;
Pilisvörösvár;
Piliscsaba;
Sződliget;
